{
    "type": "FeatureCollection",
    "features": [
        {
            "type": "Feature",
            "geometry": {
                "type": "LineString",
                "coordinates": [
                    [
                        106.709191,
                        10.058546,
                        0
                    ],
                    [
                        106.70989,
                        10.057732,
                        0
                    ],
                    [
                        106.738358,
                        10.095014,
                        0
                    ],
                    [
                        106.709191,
                        10.058546,
                        0
                    ],
                    [
                        106.689538,
                        10.081422,
                        0
                    ],
                    [
                        106.671411,
                        10.026425,
                        0
                    ],
                    [
                        106.679667,
                        10.015626,
                        0
                    ],
                    [
                        106.651606,
                        10.001978,
                        0
                    ],
                    [
                        106.657055,
                        9.969795,
                        0
                    ],
                    [
                        106.6189,
                        9.975114,
                        0
                    ],
                    [
                        106.614032,
                        9.944577,
                        0
                    ],
                    [
                        106.661132,
                        9.90928,
                        0
                    ],
                    [
                        106.655712,
                        9.929726,
                        0
                    ],
                    [
                        106.673382,
                        9.918737,
                        0
                    ],
                    [
                        106.669134,
                        9.927272,
                        0
                    ],
                    [
                        106.703213,
                        9.886641,
                        0
                    ],
                    [
                        106.700452,
                        9.869903,
                        0
                    ],
                    [
                        106.66682,
                        9.840105,
                        0
                    ],
                    [
                        106.684574,
                        9.872395,
                        0
                    ],
                    [
                        106.672813,
                        9.857683,
                        0
                    ],
                    [
                        106.670378,
                        9.873765,
                        0
                    ],
                    [
                        106.608367,
                        9.809985,
                        0
                    ],
                    [
                        106.556973,
                        9.85643,
                        0
                    ],
                    [
                        106.513998,
                        9.810475,
                        0
                    ],
                    [
                        106.525297,
                        9.760697,
                        0
                    ],
                    [
                        106.574418,
                        9.737425,
                        0
                    ],
                    [
                        106.580897,
                        9.686841,
                        0
                    ],
                    [
                        106.570262,
                        9.632723,
                        0
                    ],
                    [
                        106.534678,
                        9.57365,
                        0
                    ],
                    [
                        106.483923,
                        9.546697,
                        0
                    ],
                    [
                        106.43699,
                        9.548255,
                        0
                    ],
                    [
                        106.398668,
                        9.528053,
                        0
                    ],
                    [
                        106.371133,
                        9.550459,
                        0
                    ],
                    [
                        106.351075,
                        9.505766,
                        0
                    ],
                    [
                        106.324408,
                        9.53585,
                        0
                    ],
                    [
                        106.311185,
                        9.513471,
                        0
                    ],
                    [
                        106.250459,
                        9.503522,
                        0
                    ],
                    [
                        106.248845,
                        9.493358,
                        0
                    ],
                    [
                        106.226343,
                        9.518996,
                        0
                    ],
                    [
                        106.188169,
                        9.440277,
                        0
                    ],
                    [
                        106.147104,
                        9.404515,
                        0
                    ],
                    [
                        106.129447,
                        9.415264,
                        0
                    ],
                    [
                        106.145163,
                        9.398266,
                        0
                    ],
                    [
                        106.166614,
                        9.413413,
                        0
                    ],
                    [
                        106.196296,
                        9.403986,
                        0
                    ],
                    [
                        106.198705,
                        9.3766,
                        0
                    ],
                    [
                        106.181336,
                        9.357705,
                        0
                    ],
                    [
                        106.141751,
                        9.354952,
                        0
                    ],
                    [
                        105.525207,
                        9.119914,
                        0
                    ],
                    [
                        105.410889,
                        8.999053,
                        0
                    ],
                    [
                        105.345854,
                        8.826315,
                        0
                    ],
                    [
                        105.305725,
                        8.777229,
                        0
                    ],
                    [
                        105.272941,
                        8.750029,
                        0
                    ],
                    [
                        105.223629,
                        8.749435,
                        0
                    ],
                    [
                        105.228675,
                        8.736281,
                        0
                    ],
                    [
                        105.196576,
                        8.724913,
                        0
                    ],
                    [
                        105.115647,
                        8.626087,
                        0
                    ],
                    [
                        104.951279,
                        8.575681,
                        0
                    ],
                    [
                        104.849519,
                        8.562778,
                        0
                    ],
                    [
                        104.73013,
                        8.595677,
                        0
                    ],
                    [
                        104.720131,
                        8.612996,
                        0
                    ],
                    [
                        104.72895,
                        8.62633,
                        0
                    ],
                    [
                        104.761557,
                        8.603977,
                        0
                    ],
                    [
                        104.82548,
                        8.64705,
                        0
                    ],
                    [
                        104.837712,
                        8.661086,
                        0
                    ],
                    [
                        104.810961,
                        8.683082,
                        0
                    ],
                    [
                        104.824959,
                        8.704557,
                        0
                    ],
                    [
                        104.851048,
                        8.686619,
                        0
                    ],
                    [
                        104.917711,
                        8.687366,
                        0
                    ],
                    [
                        104.872504,
                        8.692797,
                        0
                    ],
                    [
                        104.837583,
                        8.722948,
                        0
                    ],
                    [
                        104.85132,
                        8.734985,
                        0
                    ],
                    [
                        104.898607,
                        8.728489,
                        0
                    ],
                    [
                        104.892917,
                        8.736246,
                        0
                    ],
                    [
                        104.91954,
                        8.750201,
                        0
                    ],
                    [
                        104.910439,
                        8.807289,
                        0
                    ],
                    [
                        104.82261,
                        8.768985,
                        0
                    ],
                    [
                        104.794043,
                        8.797611,
                        0
                    ],
                    [
                        104.803514,
                        8.79974,
                        0
                    ],
                    [
                        104.792618,
                        8.813867,
                        0
                    ],
                    [
                        104.810971,
                        8.971996,
                        0
                    ],
                    [
                        104.809504,
                        9.023816,
                        0
                    ],
                    [
                        104.822306,
                        9.032329,
                        0
                    ],
                    [
                        104.808519,
                        9.042337,
                        0
                    ],
                    [
                        104.843945,
                        9.572716,
                        0
                    ],
                    [
                        104.871215,
                        9.739992,
                        0
                    ],
                    [
                        104.905779,
                        9.825721,
                        0
                    ],
                    [
                        104.96371,
                        9.848273,
                        0
                    ],
                    [
                        105.030134,
                        9.922176,
                        0
                    ],
                    [
                        105.076219,
                        9.948371,
                        0
                    ],
                    [
                        105.105181,
                        9.898948,
                        0
                    ],
                    [
                        105.110489,
                        9.947484,
                        0
                    ],
                    [
                        105.087919,
                        10.001486,
                        0
                    ],
                    [
                        104.993059,
                        10.097542,
                        0
                    ],
                    [
                        104.888223,
                        10.089293,
                        0
                    ],
                    [
                        104.815257,
                        10.189105,
                        0
                    ],
                    [
                        104.764787,
                        10.219802,
                        0
                    ],
                    [
                        104.736664,
                        10.224841,
                        0
                    ],
                    [
                        104.701672,
                        10.207001,
                        0
                    ],
                    [
                        104.649201,
                        10.13501,
                        0
                    ],
                    [
                        104.604564,
                        10.140585,
                        0
                    ],
                    [
                        104.613769,
                        10.157724,
                        0
                    ],
                    [
                        104.592998,
                        10.183315,
                        0
                    ],
                    [
                        104.591471,
                        10.243661,
                        0
                    ],
                    [
                        104.560136,
                        10.287256,
                        0
                    ],
                    [
                        104.534542,
                        10.275438,
                        0
                    ],
                    [
                        104.531814,
                        10.319663,
                        0
                    ],
                    [
                        104.491193,
                        10.367752,
                        0
                    ],
                    [
                        104.525754,
                        10.38057,
                        0
                    ],
                    [
                        104.523972,
                        10.419207,
                        0
                    ],
                    [
                        104.493899,
                        10.379225,
                        0
                    ],
                    [
                        104.44659,
                        10.36249,
                        0
                    ],
                    [
                        104.470061,
                        10.386911,
                        0
                    ],
                    [
                        104.508235,
                        10.480656,
                        0
                    ],
                    [
                        104.489799,
                        10.527541,
                        0
                    ],
                    [
                        104.519565,
                        10.595926,
                        0
                    ],
                    [
                        104.499514,
                        10.621115,
                        0
                    ],
                    [
                        104.418839,
                        10.654298,
                        0
                    ],
                    [
                        104.373215,
                        10.640198,
                        0
                    ],
                    [
                        104.358676,
                        10.702051,
                        0
                    ],
                    [
                        104.315402,
                        10.717718,
                        0
                    ],
                    [
                        104.298807,
                        10.770392,
                        0
                    ],
                    [
                        104.324367,
                        10.793964,
                        0
                    ],
                    [
                        104.329749,
                        10.841911,
                        0
                    ],
                    [
                        104.364465,
                        10.867308,
                        0
                    ],
                    [
                        104.358928,
                        10.889003,
                        0
                    ],
                    [
                        104.385394,
                        10.92433,
                        0
                    ],
                    [
                        104.363863,
                        10.957968,
                        0
                    ],
                    [
                        104.310199,
                        10.987479,
                        0
                    ],
                    [
                        104.301332,
                        11.030711,
                        0
                    ],
                    [
                        104.312591,
                        11.047529,
                        0
                    ],
                    [
                        104.280629,
                        11.101365,
                        0
                    ],
                    [
                        104.250377,
                        11.113953,
                        0
                    ],
                    [
                        104.240219,
                        11.146486,
                        0
                    ],
                    [
                        104.198963,
                        11.161753,
                        0
                    ],
                    [
                        104.179764,
                        11.14904,
                        0
                    ],
                    [
                        104.093616,
                        11.166879,
                        0
                    ],
                    [
                        104.11361,
                        11.218488,
                        0
                    ],
                    [
                        104.098896,
                        11.236531,
                        0
                    ],
                    [
                        104.072317,
                        11.240066,
                        0
                    ],
                    [
                        104.060331,
                        11.263542,
                        0
                    ],
                    [
                        104.068217,
                        11.374801,
                        0
                    ],
                    [
                        104.051692,
                        11.382887,
                        0
                    ],
                    [
                        104.022399,
                        11.371939,
                        0
                    ],
                    [
                        104.011577,
                        11.320356,
                        0
                    ],
                    [
                        103.98037,
                        11.33472,
                        0
                    ],
                    [
                        103.976633,
                        11.354602,
                        0
                    ],
                    [
                        103.956474,
                        11.353627,
                        0
                    ],
                    [
                        103.940751,
                        11.392456,
                        0
                    ],
                    [
                        103.950777,
                        11.407865,
                        0
                    ],
                    [
                        103.941223,
                        11.511826,
                        0
                    ],
                    [
                        103.926456,
                        11.537092,
                        0
                    ],
                    [
                        103.949301,
                        11.558879,
                        0
                    ],
                    [
                        103.940017,
                        11.588687,
                        0
                    ],
                    [
                        103.890435,
                        11.602065,
                        0
                    ],
                    [
                        103.848301,
                        11.587432,
                        0
                    ],
                    [
                        103.815137,
                        11.62166,
                        0
                    ],
                    [
                        103.796795,
                        11.62068,
                        0
                    ],
                    [
                        103.806662,
                        11.673167,
                        0
                    ],
                    [
                        103.77898,
                        11.709221,
                        0
                    ],
                    [
                        103.777815,
                        11.765278,
                        0
                    ],
                    [
                        103.796927,
                        11.802434,
                        0
                    ],
                    [
                        103.840094,
                        11.796283,
                        0
                    ],
                    [
                        103.862944,
                        11.819886,
                        0
                    ],
                    [
                        103.802533,
                        11.920281,
                        0
                    ],
                    [
                        103.744488,
                        11.938158,
                        0
                    ],
                    [
                        103.728458,
                        11.92459,
                        0
                    ],
                    [
                        103.701319,
                        11.955704,
                        0
                    ],
                    [
                        103.639995,
                        11.982563,
                        0
                    ],
                    [
                        103.635581,
                        12.012689,
                        0
                    ],
                    [
                        103.610447,
                        12.021338,
                        0
                    ],
                    [
                        103.55985,
                        12.076305,
                        0
                    ],
                    [
                        103.543982,
                        12.07492,
                        0
                    ],
                    [
                        103.540619,
                        12.094432,
                        0
                    ],
                    [
                        103.495319,
                        12.096494,
                        0
                    ],
                    [
                        103.47329,
                        12.113781,
                        0
                    ],
                    [
                        103.438598,
                        12.084965,
                        0
                    ],
                    [
                        103.419024,
                        12.090963,
                        0
                    ],
                    [
                        103.364743,
                        12.164353,
                        0
                    ],
                    [
                        103.331477,
                        12.242564,
                        0
                    ],
                    [
                        103.314173,
                        12.225635,
                        0
                    ],
                    [
                        103.281426,
                        12.242963,
                        0
                    ],
                    [
                        103.255428,
                        12.229943,
                        0
                    ],
                    [
                        103.237369,
                        12.256956,
                        0
                    ],
                    [
                        103.191282,
                        12.201505,
                        0
                    ],
                    [
                        103.145516,
                        12.174986,
                        0
                    ],
                    [
                        103.162502,
                        12.133794,
                        0
                    ],
                    [
                        103.135535,
                        12.129572,
                        0
                    ],
                    [
                        103.118459,
                        12.102486,
                        0
                    ],
                    [
                        103.023353,
                        12.168715,
                        0
                    ],
                    [
                        102.983928,
                        12.157583,
                        0
                    ],
                    [
                        102.971203,
                        12.139412,
                        0
                    ],
                    [
                        102.937137,
                        12.149103,
                        0
                    ],
                    [
                        102.901711,
                        12.214817,
                        0
                    ],
                    [
                        102.851662,
                        12.267756,
                        0
                    ],
                    [
                        102.857022,
                        12.286778,
                        0
                    ],
                    [
                        102.872625,
                        12.289611,
                        0
                    ],
                    [
                        102.860545,
                        12.305786,
                        0
                    ],
                    [
                        102.866782,
                        12.330238,
                        0
                    ],
                    [
                        102.798473,
                        12.364039,
                        0
                    ],
                    [
                        102.784421,
                        12.432734,
                        0
                    ],
                    [
                        102.740353,
                        12.464064,
                        0
                    ],
                    [
                        102.737396,
                        12.487274,
                        0
                    ],
                    [
                        102.72384,
                        12.48472,
                        0
                    ],
                    [
                        102.731944,
                        12.510545,
                        0
                    ],
                    [
                        102.71508,
                        12.506299,
                        0
                    ],
                    [
                        102.681489,
                        12.536566,
                        0
                    ],
                    [
                        102.688772,
                        12.5461,
                        0
                    ],
                    [
                        102.665767,
                        12.580214,
                        0
                    ],
                    [
                        102.648144,
                        12.582852,
                        0
                    ],
                    [
                        102.649621,
                        12.608403,
                        0
                    ],
                    [
                        102.620528,
                        12.613468,
                        0
                    ],
                    [
                        102.583141,
                        12.651383,
                        0
                    ],
                    [
                        102.520122,
                        12.662433,
                        0
                    ],
                    [
                        102.494851,
                        12.755384,
                        0
                    ],
                    [
                        102.42861,
                        12.75593,
                        0
                    ],
                    [
                        102.413532,
                        12.771616,
                        0
                    ],
                    [
                        102.381079,
                        12.754511,
                        0
                    ],
                    [
                        102.369178,
                        12.802844,
                        0
                    ],
                    [
                        102.323273,
                        12.807619,
                        0
                    ],
                    [
                        102.280367,
                        12.860745,
                        0
                    ],
                    [
                        102.256521,
                        12.866805,
                        0
                    ],
                    [
                        102.253684,
                        12.895239,
                        0
                    ],
                    [
                        102.193888,
                        12.941479,
                        0
                    ],
                    [
                        102.170479,
                        13.035579,
                        0
                    ],
                    [
                        102.226362,
                        13.065832,
                        0
                    ],
                    [
                        102.233403,
                        13.109197,
                        0
                    ],
                    [
                        102.265422,
                        13.118718,
                        0
                    ],
                    [
                        102.304333,
                        13.103633,
                        0
                    ],
                    [
                        102.272836,
                        13.171077,
                        0
                    ],
                    [
                        102.309824,
                        13.205526,
                        0
                    ],
                    [
                        102.299175,
                        13.252904,
                        0
                    ],
                    [
                        102.349856,
                        13.300045,
                        0
                    ],
                    [
                        102.321324,
                        13.343082,
                        0
                    ],
                    [
                        102.334458,
                        13.434515,
                        0
                    ],
                    [
                        102.292738,
                        13.521546,
                        0
                    ],
                    [
                        102.290904,
                        13.579708,
                        0
                    ],
                    [
                        102.265132,
                        13.587377,
                        0
                    ],
                    [
                        102.240172,
                        13.665014,
                        0
                    ],
                    [
                        102.221099,
                        13.682927,
                        0
                    ],
                    [
                        102.236339,
                        13.686914,
                        0
                    ],
                    [
                        102.248123,
                        13.736336,
                        0
                    ],
                    [
                        102.282993,
                        13.759302,
                        0
                    ],
                    [
                        102.347126,
                        13.85938,
                        0
                    ],
                    [
                        102.467666,
                        13.933897,
                        0
                    ],
                    [
                        102.508684,
                        14.010664,
                        0
                    ],
                    [
                        102.556382,
                        14.016736,
                        0
                    ],
                    [
                        102.545043,
                        14.042003,
                        0
                    ],
                    [
                        102.535095,
                        14.03,
                        0
                    ],
                    [
                        102.480703,
                        14.032306,
                        0
                    ],
                    [
                        102.4514,
                        14.051283,
                        0
                    ],
                    [
                        102.455981,
                        14.066279,
                        0
                    ],
                    [
                        102.440171,
                        14.06955,
                        0
                    ],
                    [
                        102.435026,
                        14.091469,
                        0
                    ],
                    [
                        102.473085,
                        14.12989,
                        0
                    ],
                    [
                        102.427967,
                        14.157044,
                        0
                    ],
                    [
                        102.389334,
                        14.140591,
                        0
                    ],
                    [
                        102.366344,
                        14.163203,
                        0
                    ],
                    [
                        102.353797,
                        14.124609,
                        0
                    ],
                    [
                        102.276651,
                        14.126595,
                        0
                    ],
                    [
                        102.27338,
                        14.144198,
                        0
                    ],
                    [
                        102.220324,
                        14.143166,
                        0
                    ],
                    [
                        102.193886,
                        14.194781,
                        0
                    ],
                    [
                        102.177666,
                        14.185771,
                        0
                    ],
                    [
                        102.171665,
                        14.140323,
                        0
                    ],
                    [
                        102.15861,
                        14.135049,
                        0
                    ],
                    [
                        102.077663,
                        14.161249,
                        0
                    ],
                    [
                        101.973427,
                        14.225297,
                        0
                    ],
                    [
                        101.987298,
                        14.234916,
                        0
                    ],
                    [
                        101.950035,
                        14.244743,
                        0
                    ],
                    [
                        101.937131,
                        14.287553,
                        0
                    ],
                    [
                        101.979596,
                        14.349108,
                        0
                    ],
                    [
                        101.951637,
                        14.379064,
                        0
                    ],
                    [
                        101.91462,
                        14.351215,
                        0
                    ],
                    [
                        101.879906,
                        14.394631,
                        0
                    ],
                    [
                        101.869499,
                        14.36917,
                        0
                    ],
                    [
                        101.825586,
                        14.347612,
                        0
                    ],
                    [
                        101.79283,
                        14.357302,
                        0
                    ],
                    [
                        101.753202,
                        14.346643,
                        0
                    ],
                    [
                        101.745847,
                        14.304927,
                        0
                    ],
                    [
                        101.605426,
                        14.435226,
                        0
                    ],
                    [
                        101.538231,
                        14.422774,
                        0
                    ],
                    [
                        101.492231,
                        14.456312,
                        0
                    ],
                    [
                        101.461978,
                        14.454406,
                        0
                    ],
                    [
                        101.440388,
                        14.444212,
                        0
                    ],
                    [
                        101.442248,
                        14.394163,
                        0
                    ],
                    [
                        101.4128,
                        14.369098,
                        0
                    ],
                    [
                        101.383359,
                        14.386289,
                        0
                    ],
                    [
                        101.359844,
                        14.439998,
                        0
                    ],
                    [
                        101.331975,
                        14.438332,
                        0
                    ],
                    [
                        101.288441,
                        14.463904,
                        0
                    ],
                    [
                        101.278694,
                        14.538128,
                        0
                    ],
                    [
                        101.329197,
                        14.565927,
                        0
                    ],
                    [
                        101.320608,
                        14.602707,
                        0
                    ],
                    [
                        101.346684,
                        14.606417,
                        0
                    ],
                    [
                        101.331772,
                        14.629206,
                        0
                    ],
                    [
                        101.355186,
                        14.674116,
                        0
                    ],
                    [
                        101.338436,
                        14.707053,
                        0
                    ],
                    [
                        101.360118,
                        14.758798,
                        0
                    ],
                    [
                        101.401479,
                        14.791815,
                        0
                    ],
                    [
                        101.473062,
                        14.806927,
                        0
                    ],
                    [
                        101.49576,
                        14.838088,
                        0
                    ],
                    [
                        101.468421,
                        14.878779,
                        0
                    ],
                    [
                        101.437934,
                        14.981096,
                        0
                    ],
                    [
                        101.478646,
                        14.997404,
                        0
                    ],
                    [
                        101.50655,
                        15.04409,
                        0
                    ],
                    [
                        101.505433,
                        15.060726,
                        0
                    ],
                    [
                        101.435409,
                        15.079168,
                        0
                    ],
                    [
                        101.477008,
                        15.131957,
                        0
                    ],
                    [
                        101.431732,
                        15.209689,
                        0
                    ],
                    [
                        101.455635,
                        15.250266,
                        0
                    ],
                    [
                        101.466741,
                        15.355773,
                        0
                    ],
                    [
                        101.431503,
                        15.372625,
                        0
                    ],
                    [
                        101.44578,
                        15.40814,
                        0
                    ],
                    [
                        101.432866,
                        15.431304,
                        0
                    ],
                    [
                        101.397698,
                        15.43284,
                        0
                    ],
                    [
                        101.416952,
                        15.483504,
                        0
                    ],
                    [
                        101.387644,
                        15.492743,
                        0
                    ],
                    [
                        101.378185,
                        15.524057,
                        0
                    ],
                    [
                        101.374846,
                        15.584279,
                        0
                    ],
                    [
                        101.409554,
                        15.731333,
                        0
                    ],
                    [
                        101.340769,
                        15.752895,
                        0
                    ],
                    [
                        101.343865,
                        15.772563,
                        0
                    ],
                    [
                        101.322289,
                        15.788482,
                        0
                    ],
                    [
                        101.336397,
                        15.801865,
                        0
                    ],
                    [
                        101.336303,
                        15.878972,
                        0
                    ],
                    [
                        101.365379,
                        15.8985,
                        0
                    ],
                    [
                        101.397896,
                        15.998953,
                        0
                    ],
                    [
                        101.389283,
                        16.061744,
                        0
                    ],
                    [
                        101.400476,
                        16.072788,
                        0
                    ],
                    [
                        101.417833,
                        16.062781,
                        0
                    ],
                    [
                        101.423179,
                        16.075042,
                        0
                    ],
                    [
                        101.37855,
                        16.131943,
                        0
                    ],
                    [
                        101.349992,
                        16.135172,
                        0
                    ],
                    [
                        101.354173,
                        16.160225,
                        0
                    ],
                    [
                        101.302192,
                        16.17743,
                        0
                    ],
                    [
                        101.263897,
                        16.166201,
                        0
                    ],
                    [
                        101.262522,
                        16.176737,
                        0
                    ],
                    [
                        101.29677,
                        16.188709,
                        0
                    ],
                    [
                        101.343114,
                        16.238095,
                        0
                    ],
                    [
                        101.346904,
                        16.260584,
                        0
                    ],
                    [
                        101.37498,
                        16.271785,
                        0
                    ],
                    [
                        101.385602,
                        16.356468,
                        0
                    ],
                    [
                        101.411552,
                        16.377217,
                        0
                    ],
                    [
                        101.40375,
                        16.397142,
                        0
                    ],
                    [
                        101.432571,
                        16.424238,
                        0
                    ],
                    [
                        101.414543,
                        16.527957,
                        0
                    ],
                    [
                        101.397284,
                        16.545336,
                        0
                    ],
                    [
                        101.424071,
                        16.580488,
                        0
                    ],
                    [
                        101.406373,
                        16.596814,
                        0
                    ],
                    [
                        101.44509,
                        16.652358,
                        0
                    ],
                    [
                        101.466079,
                        16.647429,
                        0
                    ],
                    [
                        101.486386,
                        16.672703,
                        0
                    ],
                    [
                        101.51034,
                        16.677262,
                        0
                    ],
                    [
                        101.500438,
                        16.683012,
                        0
                    ],
                    [
                        101.518452,
                        16.683819,
                        0
                    ],
                    [
                        101.524116,
                        16.730069,
                        0
                    ],
                    [
                        101.563106,
                        16.746508,
                        0
                    ],
                    [
                        101.53938,
                        16.767336,
                        0
                    ],
                    [
                        101.510874,
                        16.847764,
                        0
                    ],
                    [
                        101.522975,
                        16.855789,
                        0
                    ],
                    [
                        101.515034,
                        16.905594,
                        0
                    ],
                    [
                        101.542433,
                        16.914805,
                        0
                    ],
                    [
                        101.550626,
                        16.940093,
                        0
                    ],
                    [
                        101.533325,
                        16.949441,
                        0
                    ],
                    [
                        101.512453,
                        17.048938,
                        0
                    ],
                    [
                        101.493861,
                        17.053344,
                        0
                    ],
                    [
                        101.463679,
                        17.095314,
                        0
                    ],
                    [
                        101.450879,
                        17.143396,
                        0
                    ],
                    [
                        101.459318,
                        17.182628,
                        0
                    ],
                    [
                        101.424413,
                        17.201313,
                        0
                    ],
                    [
                        101.412091,
                        17.27142,
                        0
                    ],
                    [
                        101.391469,
                        17.247487,
                        0
                    ],
                    [
                        101.380184,
                        17.263273,
                        0
                    ],
                    [
                        101.348363,
                        17.259852,
                        0
                    ],
                    [
                        101.303263,
                        17.224647,
                        0
                    ],
                    [
                        101.252233,
                        17.269987,
                        0
                    ],
                    [
                        101.256138,
                        17.255419,
                        0
                    ],
                    [
                        101.230165,
                        17.245926,
                        0
                    ],
                    [
                        101.20692,
                        17.211036,
                        0
                    ],
                    [
                        101.19638,
                        17.232062,
                        0
                    ],
                    [
                        101.178771,
                        17.233598,
                        0
                    ],
                    [
                        101.137159,
                        17.207223,
                        0
                    ],
                    [
                        101.154905,
                        17.128789,
                        0
                    ],
                    [
                        101.133208,
                        16.927421,
                        0
                    ],
                    [
                        101.101904,
                        16.889918,
                        0
                    ],
                    [
                        101.071478,
                        16.900263,
                        0
                    ],
                    [
                        101.074076,
                        16.923522,
                        0
                    ],
                    [
                        101.033092,
                        16.934524,
                        0
                    ],
                    [
                        101.054859,
                        16.955883,
                        0
                    ],
                    [
                        101.034907,
                        17.00727,
                        0
                    ],
                    [
                        101.062249,
                        17.028864,
                        0
                    ],
                    [
                        101.054851,
                        17.075262,
                        0
                    ],
                    [
                        101.082913,
                        17.138177,
                        0
                    ],
                    [
                        101.082869,
                        17.181051,
                        0
                    ],
                    [
                        101.109474,
                        17.190055,
                        0
                    ],
                    [
                        101.111961,
                        17.235427,
                        0
                    ],
                    [
                        101.087295,
                        17.277811,
                        0
                    ],
                    [
                        101.049528,
                        17.285676,
                        0
                    ],
                    [
                        100.993667,
                        17.342689,
                        0
                    ],
                    [
                        100.916689,
                        17.339194,
                        0
                    ],
                    [
                        100.919773,
                        17.449025,
                        0
                    ],
                    [
                        100.898137,
                        17.46493,
                        0
                    ],
                    [
                        100.858427,
                        17.449041,
                        0
                    ],
                    [
                        100.835912,
                        17.475903,
                        0
                    ],
                    [
                        100.876841,
                        17.528504,
                        0
                    ],
                    [
                        100.864304,
                        17.543246,
                        0
                    ],
                    [
                        100.87598,
                        17.5748,
                        0
                    ],
                    [
                        100.963227,
                        17.654376,
                        0
                    ],
                    [
                        100.965545,
                        17.675099,
                        0
                    ],
                    [
                        101.007967,
                        17.702507,
                        0
                    ],
                    [
                        101.010433,
                        17.729774,
                        0
                    ],
                    [
                        100.980713,
                        17.752571,
                        0
                    ],
                    [
                        101.009832,
                        17.783205,
                        0
                    ],
                    [
                        100.994777,
                        17.802651,
                        0
                    ],
                    [
                        101.002125,
                        17.819203,
                        0
                    ],
                    [
                        101.03573,
                        17.832418,
                        0
                    ],
                    [
                        101.02241,
                        17.891289,
                        0
                    ],
                    [
                        101.119879,
                        17.949653,
                        0
                    ],
                    [
                        101.124615,
                        17.996075,
                        0
                    ],
                    [
                        101.187451,
                        18.064256,
                        0
                    ],
                    [
                        101.164241,
                        18.122251,
                        0
                    ],
                    [
                        101.196104,
                        18.211462,
                        0
                    ],
                    [
                        101.1685,
                        18.216385,
                        0
                    ],
                    [
                        101.147405,
                        18.257981,
                        0
                    ],
                    [
                        101.166723,
                        18.276942,
                        0
                    ],
                    [
                        101.151651,
                        18.293734,
                        0
                    ],
                    [
                        101.185696,
                        18.339522,
                        0
                    ],
                    [
                        101.144002,
                        18.346857,
                        0
                    ],
                    [
                        101.123724,
                        18.332852,
                        0
                    ],
                    [
                        101.08327,
                        18.349662,
                        0
                    ],
                    [
                        101.087369,
                        18.395059,
                        0
                    ],
                    [
                        101.055867,
                        18.425115,
                        0
                    ],
                    [
                        101.096838,
                        18.478141,
                        0
                    ],
                    [
                        101.107039,
                        18.519957,
                        0
                    ],
                    [
                        101.141316,
                        18.52661,
                        0
                    ],
                    [
                        101.152051,
                        18.55112,
                        0
                    ],
                    [
                        101.18646,
                        18.558918,
                        0
                    ],
                    [
                        101.185399,
                        18.610298,
                        0
                    ],
                    [
                        101.229443,
                        18.622753,
                        0
                    ],
                    [
                        101.276118,
                        18.687113,
                        0
                    ],
                    [
                        101.227427,
                        18.731157,
                        0
                    ],
                    [
                        101.256345,
                        18.771028,
                        0
                    ],
                    [
                        101.261937,
                        18.807272,
                        0
                    ],
                    [
                        101.246723,
                        18.829605,
                        0
                    ],
                    [
                        101.257794,
                        18.846265,
                        0
                    ],
                    [
                        101.250068,
                        18.889268,
                        0
                    ],
                    [
                        101.298854,
                        18.939433,
                        0
                    ],
                    [
                        101.295803,
                        18.979735,
                        0
                    ],
                    [
                        101.313152,
                        19.000556,
                        0
                    ],
                    [
                        101.34011,
                        19.004128,
                        0
                    ],
                    [
                        101.358504,
                        19.044786,
                        0
                    ],
                    [
                        101.260392,
                        19.122926,
                        0
                    ],
                    [
                        101.250044,
                        19.181784,
                        0
                    ],
                    [
                        101.263333,
                        19.229463,
                        0
                    ],
                    [
                        101.230839,
                        19.304315,
                        0
                    ],
                    [
                        101.245239,
                        19.324711,
                        0
                    ],
                    [
                        101.231763,
                        19.345857,
                        0
                    ],
                    [
                        101.209085,
                        19.347978,
                        0
                    ],
                    [
                        101.190094,
                        19.397053,
                        0
                    ],
                    [
                        101.218775,
                        19.430766,
                        0
                    ],
                    [
                        101.213978,
                        19.471901,
                        0
                    ],
                    [
                        101.269085,
                        19.469486,
                        0
                    ],
                    [
                        101.288715,
                        19.525371,
                        0
                    ],
                    [
                        101.284454,
                        19.580259,
                        0
                    ],
                    [
                        101.247385,
                        19.602413,
                        0
                    ],
                    [
                        101.209904,
                        19.604084,
                        0
                    ],
                    [
                        101.200972,
                        19.575739,
                        0
                    ],
                    [
                        101.172934,
                        19.584761,
                        0
                    ],
                    [
                        101.126193,
                        19.571237,
                        0
                    ],
                    [
                        101.038921,
                        19.627198,
                        0
                    ],
                    [
                        100.920318,
                        19.620342,
                        0
                    ],
                    [
                        100.896001,
                        19.633733,
                        0
                    ],
                    [
                        100.863342,
                        19.572337,
                        0
                    ],
                    [
                        100.774305,
                        19.485918,
                        0
                    ],
                    [
                        100.734548,
                        19.524458,
                        0
                    ],
                    [
                        100.633373,
                        19.554562,
                        0
                    ],
                    [
                        100.610919,
                        19.545687,
                        0
                    ],
                    [
                        100.606323,
                        19.47818,
                        0
                    ],
                    [
                        100.586204,
                        19.474167,
                        0
                    ],
                    [
                        100.545674,
                        19.416213,
                        0
                    ],
                    [
                        100.497209,
                        19.397747,
                        0
                    ],
                    [
                        100.398306,
                        19.395719,
                        0
                    ],
                    [
                        100.386264,
                        19.378931,
                        0
                    ],
                    [
                        100.362134,
                        19.391983,
                        0
                    ],
                    [
                        100.352395,
                        19.356808,
                        0
                    ],
                    [
                        100.338056,
                        19.370418,
                        0
                    ],
                    [
                        100.3189,
                        19.36442,
                        0
                    ],
                    [
                        100.309047,
                        19.338578,
                        0
                    ],
                    [
                        100.240897,
                        19.34563,
                        0
                    ],
                    [
                        100.247349,
                        19.332776,
                        0
                    ],
                    [
                        100.234428,
                        19.32159,
                        0
                    ],
                    [
                        100.251066,
                        19.311256,
                        0
                    ],
                    [
                        100.267683,
                        19.261654,
                        0
                    ],
                    [
                        100.228492,
                        19.26441,
                        0
                    ],
                    [
                        100.216443,
                        19.227108,
                        0
                    ],
                    [
                        100.194754,
                        19.230976,
                        0
                    ],
                    [
                        100.146318,
                        19.201152,
                        0
                    ],
                    [
                        100.114927,
                        19.145605,
                        0
                    ],
                    [
                        100.110305,
                        19.076512,
                        0
                    ],
                    [
                        100.128349,
                        19.058777,
                        0
                    ],
                    [
                        100.108998,
                        19.014396,
                        0
                    ],
                    [
                        100.130643,
                        18.972774,
                        0
                    ],
                    [
                        100.122259,
                        18.933715,
                        0
                    ],
                    [
                        100.064477,
                        18.930136,
                        0
                    ],
                    [
                        100.058225,
                        18.907444,
                        0
                    ],
                    [
                        100.023662,
                        18.895176,
                        0
                    ],
                    [
                        99.949183,
                        18.942031,
                        0
                    ],
                    [
                        99.914057,
                        18.989312,
                        0
                    ],
                    [
                        99.842417,
                        18.99978,
                        0
                    ],
                    [
                        99.820877,
                        19.061733,
                        0
                    ],
                    [
                        99.797588,
                        19.052436,
                        0
                    ],
                    [
                        99.776454,
                        19.06426,
                        0
                    ],
                    [
                        99.762317,
                        19.130668,
                        0
                    ],
                    [
                        99.729638,
                        19.169899,
                        0
                    ],
                    [
                        99.706644,
                        19.244184,
                        0
                    ],
                    [
                        99.711531,
                        19.339542,
                        0
                    ],
                    [
                        99.694807,
                        19.360689,
                        0
                    ],
                    [
                        99.686216,
                        19.45586,
                        0
                    ],
                    [
                        99.655448,
                        19.464197,
                        0
                    ],
                    [
                        99.645935,
                        19.507665,
                        0
                    ],
                    [
                        99.621973,
                        19.517484,
                        0
                    ],
                    [
                        99.570051,
                        19.434892,
                        0
                    ],
                    [
                        99.58567,
                        19.29569,
                        0
                    ],
                    [
                        99.549335,
                        19.240427,
                        0
                    ],
                    [
                        99.539373,
                        19.161879,
                        0
                    ],
                    [
                        99.563426,
                        19.138654,
                        0
                    ],
                    [
                        99.54094,
                        19.109622,
                        0
                    ],
                    [
                        99.543893,
                        19.085026,
                        0
                    ],
                    [
                        99.497061,
                        19.077729,
                        0
                    ],
                    [
                        99.439592,
                        19.008297,
                        0
                    ],
                    [
                        99.403117,
                        19.002502,
                        0
                    ],
                    [
                        99.387336,
                        19.063804,
                        0
                    ],
                    [
                        99.348697,
                        19.086717,
                        0
                    ],
                    [
                        99.308265,
                        19.182714,
                        0
                    ],
                    [
                        99.314136,
                        19.224597,
                        0
                    ],
                    [
                        99.345814,
                        19.267387,
                        0
                    ],
                    [
                        99.31989,
                        19.351491,
                        0
                    ],
                    [
                        99.336956,
                        19.361241,
                        0
                    ],
                    [
                        99.335063,
                        19.397513,
                        0
                    ],
                    [
                        99.3124,
                        19.429462,
                        0
                    ],
                    [
                        99.321704,
                        19.453514,
                        0
                    ],
                    [
                        99.298439,
                        19.494921,
                        0
                    ],
                    [
                        99.315755,
                        19.528194,
                        0
                    ],
                    [
                        99.274567,
                        19.56916,
                        0
                    ],
                    [
                        99.218425,
                        19.523335,
                        0
                    ],
                    [
                        99.179505,
                        19.547748,
                        0
                    ],
                    [
                        99.182588,
                        19.573558,
                        0
                    ],
                    [
                        99.168615,
                        19.582472,
                        0
                    ],
                    [
                        99.137749,
                        19.570608,
                        0
                    ],
                    [
                        99.018746,
                        19.717438,
                        0
                    ],
                    [
                        99.045566,
                        19.771487,
                        0
                    ],
                    [
                        99.038545,
                        19.799681,
                        0
                    ],
                    [
                        99.0222,
                        19.805462,
                        0
                    ],
                    [
                        99.04067,
                        19.864782,
                        0
                    ],
                    [
                        99.027477,
                        19.927753,
                        0
                    ],
                    [
                        99.047262,
                        19.930129,
                        0
                    ],
                    [
                        99.049546,
                        19.948318,
                        0
                    ],
                    [
                        99.031769,
                        19.967584,
                        0
                    ],
                    [
                        99.059073,
                        20.002972,
                        0
                    ],
                    [
                        99.049356,
                        20.040352,
                        0
                    ],
                    [
                        99.079725,
                        20.099816,
                        0
                    ],
                    [
                        99.134608,
                        20.103989,
                        0
                    ],
                    [
                        99.131504,
                        20.119209,
                        0
                    ],
                    [
                        99.164828,
                        20.132232,
                        0
                    ],
                    [
                        99.165593,
                        20.193614,
                        0
                    ],
                    [
                        99.194723,
                        20.213391,
                        0
                    ],
                    [
                        99.192421,
                        20.243004,
                        0
                    ],
                    [
                        99.222699,
                        20.248351,
                        0
                    ],
                    [
                        99.243296,
                        20.270134,
                        0
                    ],
                    [
                        99.236279,
                        20.290849,
                        0
                    ],
                    [
                        99.250695,
                        20.31886,
                        0
                    ],
                    [
                        99.212691,
                        20.342606,
                        0
                    ],
                    [
                        99.108221,
                        20.321511,
                        0
                    ],
                    [
                        99.078702,
                        20.370105,
                        0
                    ],
                    [
                        99.105109,
                        20.406525,
                        0
                    ],
                    [
                        99.06243,
                        20.422797,
                        0
                    ],
                    [
                        99.056168,
                        20.450258,
                        0
                    ],
                    [
                        99.138058,
                        20.49904,
                        0
                    ],
                    [
                        99.145725,
                        20.517358,
                        0
                    ],
                    [
                        99.131856,
                        20.527977,
                        0
                    ],
                    [
                        99.164915,
                        20.550333,
                        0
                    ],
                    [
                        99.162544,
                        20.596738,
                        0
                    ],
                    [
                        99.145288,
                        20.622981,
                        0
                    ],
                    [
                        99.166111,
                        20.662133,
                        0
                    ],
                    [
                        99.164803,
                        20.699307,
                        0
                    ],
                    [
                        99.272865,
                        20.714171,
                        0
                    ],
                    [
                        99.295424,
                        20.774464,
                        0
                    ],
                    [
                        99.324231,
                        20.778205,
                        0
                    ],
                    [
                        99.327183,
                        20.812331,
                        0
                    ],
                    [
                        99.350723,
                        20.835449,
                        0
                    ],
                    [
                        99.351098,
                        20.865002,
                        0
                    ],
                    [
                        99.332233,
                        20.883394,
                        0
                    ],
                    [
                        99.412516,
                        20.905453,
                        0
                    ],
                    [
                        99.410022,
                        20.934847,
                        0
                    ],
                    [
                        99.43379,
                        20.963059,
                        0
                    ],
                    [
                        99.44422,
                        21.016555,
                        0
                    ],
                    [
                        99.499163,
                        21.009608,
                        0
                    ],
                    [
                        99.512507,
                        20.994745,
                        0
                    ],
                    [
                        99.573096,
                        20.992322,
                        0
                    ],
                    [
                        99.612791,
                        21.020901,
                        0
                    ],
                    [
                        99.647206,
                        21.002322,
                        0
                    ],
                    [
                        99.607489,
                        20.922034,
                        0
                    ],
                    [
                        99.603166,
                        20.866016,
                        0
                    ],
                    [
                        99.579078,
                        20.809864,
                        0
                    ],
                    [
                        99.604522,
                        20.807791,
                        0
                    ],
                    [
                        99.631952,
                        20.783757,
                        0
                    ],
                    [
                        99.726712,
                        20.819286,
                        0
                    ],
                    [
                        99.865449,
                        20.816662,
                        0
                    ],
                    [
                        99.87169,
                        20.785093,
                        0
                    ],
                    [
                        99.928084,
                        20.741029,
                        0
                    ],
                    [
                        99.925993,
                        20.68171,
                        0
                    ],
                    [
                        99.951354,
                        20.66003,
                        0
                    ],
                    [
                        100.005496,
                        20.66261,
                        0
                    ],
                    [
                        100.014814,
                        20.639607,
                        0
                    ],
                    [
                        100.077028,
                        20.609705,
                        0
                    ],
                    [
                        100.092847,
                        20.583314,
                        0
                    ],
                    [
                        100.038989,
                        20.508692,
                        0
                    ],
                    [
                        100.094006,
                        20.480376,
                        0
                    ],
                    [
                        100.077689,
                        20.43246,
                        0
                    ],
                    [
                        100.097654,
                        20.400812,
                        0
                    ],
                    [
                        100.086812,
                        20.355413,
                        0
                    ],
                    [
                        100.127905,
                        20.409766,
                        0
                    ],
                    [
                        100.13167,
                        20.484105,
                        0
                    ],
                    [
                        100.178762,
                        20.635717,
                        0
                    ],
                    [
                        100.256936,
                        20.745985,
                        0
                    ],
                    [
                        100.345885,
                        20.791277,
                        0
                    ],
                    [
                        100.370864,
                        20.826085,
                        0
                    ],
                    [
                        100.425195,
                        20.830406,
                        0
                    ],
                    [
                        100.498522,
                        20.813568,
                        0
                    ],
                    [
                        100.575681,
                        20.822054,
                        0
                    ],
                    [
                        100.651006,
                        20.878448,
                        0
                    ],
                    [
                        100.639831,
                        20.897259,
                        0
                    ],
                    [
                        100.545387,
                        20.868657,
                        0
                    ],
                    [
                        100.51242,
                        20.889679,
                        0
                    ],
                    [
                        100.527624,
                        20.960197,
                        0
                    ],
                    [
                        100.553093,
                        20.989142,
                        0
                    ],
                    [
                        100.54888,
                        21.023507,
                        0
                    ],
                    [
                        100.600054,
                        21.029552,
                        0
                    ],
                    [
                        100.63993,
                        21.061739,
                        0
                    ],
                    [
                        100.647847,
                        21.103571,
                        0
                    ],
                    [
                        100.676431,
                        21.129272,
                        0
                    ],
                    [
                        100.700841,
                        21.180092,
                        0
                    ],
                    [
                        100.728181,
                        21.312413,
                        0
                    ],
                    [
                        100.811393,
                        21.291653,
                        0
                    ],
                    [
                        100.85044,
                        21.305218,
                        0
                    ],
                    [
                        100.891878,
                        21.347945,
                        0
                    ],
                    [
                        100.972378,
                        21.385443,
                        0
                    ],
                    [
                        100.996728,
                        21.384176,
                        0
                    ],
                    [
                        101.045674,
                        21.441324,
                        0
                    ],
                    [
                        101.096438,
                        21.460637,
                        0
                    ],
                    [
                        101.163734,
                        21.524827,
                        0
                    ],
                    [
                        101.148224,
                        21.561748,
                        0
                    ],
                    [
                        101.212339,
                        21.55651,
                        0
                    ],
                    [
                        101.210119,
                        21.504232,
                        0
                    ],
                    [
                        101.229932,
                        21.500841,
                        0
                    ],
                    [
                        101.19399,
                        21.472794,
                        0
                    ],
                    [
                        101.204089,
                        21.438079,
                        0
                    ],
                    [
                        101.184885,
                        21.416916,
                        0
                    ],
                    [
                        101.244351,
                        21.386171,
                        0
                    ],
                    [
                        101.253616,
                        21.36317,
                        0
                    ],
                    [
                        101.242976,
                        21.32853,
                        0
                    ],
                    [
                        101.216066,
                        21.310487,
                        0
                    ],
                    [
                        101.25102,
                        21.293175,
                        0
                    ],
                    [
                        101.218737,
                        21.229903,
                        0
                    ],
                    [
                        101.249482,
                        21.221444,
                        0
                    ],
                    [
                        101.285769,
                        21.176424,
                        0
                    ],
                    [
                        101.328014,
                        21.185707,
                        0
                    ],
                    [
                        101.389324,
                        21.225319,
                        0
                    ],
                    [
                        101.450381,
                        21.224935,
                        0
                    ],
                    [
                        101.544492,
                        21.253825,
                        0
                    ],
                    [
                        101.613458,
                        21.23446,
                        0
                    ],
                    [
                        101.589157,
                        21.190543,
                        0
                    ],
                    [
                        101.600867,
                        21.177398,
                        0
                    ],
                    [
                        101.676068,
                        21.203621,
                        0
                    ],
                    [
                        101.706061,
                        21.167986,
                        0
                    ],
                    [
                        101.701864,
                        21.148203,
                        0
                    ],
                    [
                        101.720907,
                        21.142183,
                        0
                    ],
                    [
                        101.768519,
                        21.1446,
                        0
                    ],
                    [
                        101.795052,
                        21.2068,
                        0
                    ],
                    [
                        101.843631,
                        21.206037,
                        0
                    ],
                    [
                        101.84816,
                        21.251852,
                        0
                    ],
                    [
                        101.814323,
                        21.255686,
                        0
                    ],
                    [
                        101.799223,
                        21.283959,
                        0
                    ],
                    [
                        101.757313,
                        21.292069,
                        0
                    ],
                    [
                        101.728768,
                        21.351378,
                        0
                    ],
                    [
                        101.741904,
                        21.36146,
                        0
                    ],
                    [
                        101.737262,
                        21.393692,
                        0
                    ],
                    [
                        101.756848,
                        21.444172,
                        0
                    ],
                    [
                        101.739047,
                        21.481023,
                        0
                    ],
                    [
                        101.783118,
                        21.51299,
                        0
                    ],
                    [
                        101.761419,
                        21.531156,
                        0
                    ],
                    [
                        101.748833,
                        21.583866,
                        0
                    ],
                    [
                        101.805273,
                        21.574226,
                        0
                    ],
                    [
                        101.827869,
                        21.586209,
                        0
                    ],
                    [
                        101.837827,
                        21.62267,
                        0
                    ],
                    [
                        101.815365,
                        21.620601,
                        0
                    ],
                    [
                        101.8103,
                        21.642138,
                        0
                    ],
                    [
                        101.785043,
                        21.632722,
                        0
                    ],
                    [
                        101.785266,
                        21.652445,
                        0
                    ],
                    [
                        101.771248,
                        21.653265,
                        0
                    ],
                    [
                        101.774488,
                        21.70979,
                        0
                    ],
                    [
                        101.751222,
                        21.72361,
                        0
                    ],
                    [
                        101.74808,
                        21.742928,
                        0
                    ],
                    [
                        101.788738,
                        21.821615,
                        0
                    ],
                    [
                        101.752308,
                        21.836291,
                        0
                    ],
                    [
                        101.738339,
                        21.873401,
                        0
                    ],
                    [
                        101.698993,
                        21.898781,
                        0
                    ],
                    [
                        101.700701,
                        21.939615,
                        0
                    ],
                    [
                        101.671508,
                        21.928407,
                        0
                    ],
                    [
                        101.655559,
                        21.94876,
                        0
                    ],
                    [
                        101.604821,
                        21.965606,
                        0
                    ],
                    [
                        101.635584,
                        22.00991,
                        0
                    ],
                    [
                        101.580516,
                        22.113818,
                        0
                    ],
                    [
                        101.580836,
                        22.125238,
                        0
                    ],
                    [
                        101.610202,
                        22.128136,
                        0
                    ],
                    [
                        101.606082,
                        22.158275,
                        0
                    ],
                    [
                        101.555958,
                        22.240322,
                        0
                    ],
                    [
                        101.572857,
                        22.27425,
                        0
                    ],
                    [
                        101.632197,
                        22.273248,
                        0
                    ],
                    [
                        101.652417,
                        22.354007,
                        0
                    ],
                    [
                        101.677509,
                        22.371356,
                        0
                    ],
                    [
                        101.651446,
                        22.413725,
                        0
                    ],
                    [
                        101.670701,
                        22.418703,
                        0
                    ],
                    [
                        101.67825,
                        22.472825,
                        0
                    ],
                    [
                        101.725144,
                        22.471362,
                        0
                    ],
                    [
                        101.744483,
                        22.49714,
                        0
                    ],
                    [
                        101.784708,
                        22.499798,
                        0
                    ],
                    [
                        101.817135,
                        22.479376,
                        0
                    ],
                    [
                        101.83951,
                        22.413383,
                        0
                    ],
                    [
                        101.869139,
                        22.387087,
                        0
                    ],
                    [
                        101.903852,
                        22.382054,
                        0
                    ],
                    [
                        101.91829,
                        22.438864,
                        0
                    ],
                    [
                        101.989191,
                        22.428271,
                        0
                    ],
                    [
                        102.049931,
                        22.457263,
                        0
                    ],
                    [
                        102.124768,
                        22.435351,
                        0
                    ],
                    [
                        102.175316,
                        22.369274,
                        0
                    ],
                    [
                        102.169731,
                        22.352336,
                        0
                    ],
                    [
                        102.194167,
                        22.327501,
                        0
                    ],
                    [
                        102.188623,
                        22.301493,
                        0
                    ],
                    [
                        102.238505,
                        22.267409,
                        0
                    ],
                    [
                        102.245124,
                        22.236615,
                        0
                    ],
                    [
                        102.271389,
                        22.240999,
                        0
                    ],
                    [
                        102.284401,
                        22.203781,
                        0
                    ],
                    [
                        102.324573,
                        22.202851,
                        0
                    ],
                    [
                        102.339453,
                        22.164244,
                        0
                    ],
                    [
                        102.365543,
                        22.16444,
                        0
                    ],
                    [
                        102.387674,
                        22.148428,
                        0
                    ],
                    [
                        102.390417,
                        22.127083,
                        0
                    ],
                    [
                        102.431579,
                        22.113692,
                        0
                    ],
                    [
                        102.445445,
                        22.072048,
                        0
                    ],
                    [
                        102.523101,
                        22.028819,
                        0
                    ],
                    [
                        102.492153,
                        22.004793,
                        0
                    ],
                    [
                        102.510266,
                        21.97035,
                        0
                    ],
                    [
                        102.620053,
                        21.913014,
                        0
                    ],
                    [
                        102.612157,
                        21.867701,
                        0
                    ],
                    [
                        102.649905,
                        21.856309,
                        0
                    ],
                    [
                        102.667176,
                        21.788384,
                        0
                    ],
                    [
                        102.650179,
                        21.729488,
                        0
                    ],
                    [
                        102.683727,
                        21.652873,
                        0
                    ],
                    [
                        102.661922,
                        21.590843,
                        0
                    ],
                    [
                        102.676347,
                        21.582349,
                        0
                    ],
                    [
                        102.673599,
                        21.543841,
                        0
                    ],
                    [
                        102.652648,
                        21.526984,
                        0
                    ],
                    [
                        102.670505,
                        21.484724,
                        0
                    ],
                    [
                        102.687389,
                        21.478747,
                        0
                    ],
                    [
                        102.689854,
                        21.413127,
                        0
                    ],
                    [
                        102.684286,
                        21.386742,
                        0
                    ],
                    [
                        102.650789,
                        21.39127,
                        0
                    ],
                    [
                        102.629897,
                        21.364056,
                        0
                    ],
                    [
                        102.612618,
                        21.36308,
                        0
                    ],
                    [
                        102.615139,
                        21.305322,
                        0
                    ],
                    [
                        102.661375,
                        21.293482,
                        0
                    ],
                    [
                        102.674984,
                        21.269328,
                        0
                    ],
                    [
                        102.698393,
                        21.288777,
                        0
                    ],
                    [
                        102.745566,
                        21.279208,
                        0
                    ],
                    [
                        102.772097,
                        21.333296,
                        0
                    ],
                    [
                        102.768506,
                        21.361238,
                        0
                    ],
                    [
                        102.789911,
                        21.358891,
                        0
                    ],
                    [
                        102.818407,
                        21.397348,
                        0
                    ],
                    [
                        102.910771,
                        21.428744,
                        0
                    ],
                    [
                        102.957659,
                        21.476627,
                        0
                    ],
                    [
                        103.034808,
                        21.502753,
                        0
                    ],
                    [
                        103.065617,
                        21.58127,
                        0
                    ],
                    [
                        103.095648,
                        21.612332,
                        0
                    ],
                    [
                        103.111641,
                        21.609058,
                        0
                    ],
                    [
                        103.171813,
                        21.511247,
                        0
                    ],
                    [
                        103.190642,
                        21.435408,
                        0
                    ],
                    [
                        103.157851,
                        21.334333,
                        0
                    ],
                    [
                        103.178677,
                        21.315675,
                        0
                    ],
                    [
                        103.178989,
                        21.290359,
                        0
                    ],
                    [
                        103.199269,
                        21.279849,
                        0
                    ],
                    [
                        103.102721,
                        21.207488,
                        0
                    ],
                    [
                        103.131404,
                        21.159761,
                        0
                    ],
                    [
                        103.179649,
                        21.147557,
                        0
                    ],
                    [
                        103.184723,
                        21.132131,
                        0
                    ],
                    [
                        103.161623,
                        21.112737,
                        0
                    ],
                    [
                        103.160477,
                        21.05304,
                        0
                    ],
                    [
                        103.06464,
                        20.999062,
                        0
                    ],
                    [
                        103.089331,
                        20.966771,
                        0
                    ],
                    [
                        103.087991,
                        20.941964,
                        0
                    ],
                    [
                        103.109155,
                        20.931984,
                        0
                    ],
                    [
                        103.114441,
                        20.896392,
                        0
                    ],
                    [
                        103.187471,
                        20.840505,
                        0
                    ],
                    [
                        103.21066,
                        20.84703,
                        0
                    ],
                    [
                        103.226102,
                        20.826795,
                        0
                    ],
                    [
                        103.271653,
                        20.821091,
                        0
                    ],
                    [
                        103.258664,
                        20.785033,
                        0
                    ],
                    [
                        103.306823,
                        20.744583,
                        0
                    ],
                    [
                        103.267269,
                        20.722113,
                        0
                    ],
                    [
                        103.349712,
                        20.628216,
                        0
                    ],
                    [
                        103.339601,
                        20.60206,
                        0
                    ],
                    [
                        103.307495,
                        20.587123,
                        0
                    ],
                    [
                        103.28425,
                        20.601829,
                        0
                    ],
                    [
                        103.259908,
                        20.577999,
                        0
                    ],
                    [
                        103.209033,
                        20.588706,
                        0
                    ],
                    [
                        103.220228,
                        20.519302,
                        0
                    ],
                    [
                        103.163329,
                        20.465255,
                        0
                    ],
                    [
                        103.202524,
                        20.428756,
                        0
                    ],
                    [
                        103.241115,
                        20.417686,
                        0
                    ],
                    [
                        103.220437,
                        20.376445,
                        0
                    ],
                    [
                        103.247288,
                        20.329133,
                        0
                    ],
                    [
                        103.234126,
                        20.308089,
                        0
                    ],
                    [
                        103.288861,
                        20.31198,
                        0
                    ],
                    [
                        103.308185,
                        20.292557,
                        0
                    ],
                    [
                        103.319501,
                        20.238944,
                        0
                    ],
                    [
                        103.36191,
                        20.270482,
                        0
                    ],
                    [
                        103.375435,
                        20.239929,
                        0
                    ],
                    [
                        103.364804,
                        20.203569,
                        0
                    ],
                    [
                        103.398691,
                        20.199626,
                        0
                    ],
                    [
                        103.433521,
                        20.168871,
                        0
                    ],
                    [
                        103.47171,
                        20.172557,
                        0
                    ],
                    [
                        103.494079,
                        20.110614,
                        0
                    ],
                    [
                        103.466124,
                        20.083874,
                        0
                    ],
                    [
                        103.47722,
                        20.036606,
                        0
                    ],
                    [
                        103.462921,
                        20.015468,
                        0
                    ],
                    [
                        103.537496,
                        19.974539,
                        0
                    ],
                    [
                        103.52827,
                        19.963926,
                        0
                    ],
                    [
                        103.551291,
                        19.929939,
                        0
                    ],
                    [
                        103.544684,
                        19.914453,
                        0
                    ],
                    [
                        103.573412,
                        19.900588,
                        0
                    ],
                    [
                        103.621903,
                        19.918023,
                        0
                    ],
                    [
                        103.615263,
                        19.951881,
                        0
                    ],
                    [
                        103.646437,
                        19.922973,
                        0
                    ],
                    [
                        103.706587,
                        19.920945,
                        0
                    ],
                    [
                        103.698003,
                        19.906046,
                        0
                    ],
                    [
                        103.711141,
                        19.882138,
                        0
                    ],
                    [
                        103.697636,
                        19.851408,
                        0
                    ],
                    [
                        103.706333,
                        19.799425,
                        0
                    ],
                    [
                        103.690615,
                        19.814382,
                        0
                    ],
                    [
                        103.673202,
                        19.79252,
                        0
                    ],
                    [
                        103.622162,
                        19.78725,
                        0
                    ],
                    [
                        103.630994,
                        19.734936,
                        0
                    ],
                    [
                        103.61923,
                        19.723246,
                        0
                    ],
                    [
                        103.551423,
                        19.735532,
                        0
                    ],
                    [
                        103.502212,
                        19.716447,
                        0
                    ],
                    [
                        103.44766,
                        19.749623,
                        0
                    ],
                    [
                        103.397313,
                        19.744007,
                        0
                    ],
                    [
                        103.39017,
                        19.69564,
                        0
                    ],
                    [
                        103.368614,
                        19.667242,
                        0
                    ],
                    [
                        103.39396,
                        19.666886,
                        0
                    ],
                    [
                        103.392263,
                        19.607666,
                        0
                    ],
                    [
                        103.409568,
                        19.558356,
                        0
                    ],
                    [
                        103.400068,
                        19.542639,
                        0
                    ],
                    [
                        103.369324,
                        19.536297,
                        0
                    ],
                    [
                        103.335033,
                        19.463384,
                        0
                    ],
                    [
                        103.309267,
                        19.459649,
                        0
                    ],
                    [
                        103.30442,
                        19.414503,
                        0
                    ],
                    [
                        103.383113,
                        19.398244,
                        0
                    ],
                    [
                        103.416365,
                        19.377629,
                        0
                    ],
                    [
                        103.513146,
                        19.375737,
                        0
                    ],
                    [
                        103.498029,
                        19.354241,
                        0
                    ],
                    [
                        103.506817,
                        19.312284,
                        0
                    ],
                    [
                        103.536228,
                        19.321284,
                        0
                    ],
                    [
                        103.565015,
                        19.302312,
                        0
                    ],
                    [
                        103.617717,
                        19.307948,
                        0
                    ],
                    [
                        103.620604,
                        19.286521,
                        0
                    ],
                    [
                        103.669693,
                        19.276868,
                        0
                    ],
                    [
                        103.715704,
                        19.218162,
                        0
                    ],
                    [
                        103.734156,
                        19.224817,
                        0
                    ],
                    [
                        103.749392,
                        19.201598,
                        0
                    ],
                    [
                        103.769614,
                        19.20049,
                        0
                    ],
                    [
                        103.767371,
                        19.156388,
                        0
                    ],
                    [
                        103.808091,
                        19.14096,
                        0
                    ],
                    [
                        103.825413,
                        19.051382,
                        0
                    ],
                    [
                        103.855196,
                        19.021483,
                        0
                    ],
                    [
                        103.941188,
                        19.004335,
                        0
                    ],
                    [
                        103.945689,
                        18.980997,
                        0
                    ],
                    [
                        103.989353,
                        18.973272,
                        0
                    ],
                    [
                        104.024317,
                        19.003097,
                        0
                    ],
                    [
                        104.049898,
                        18.995942,
                        0
                    ],
                    [
                        104.078903,
                        18.960328,
                        0
                    ],
                    [
                        104.11649,
                        19.012038,
                        0
                    ],
                    [
                        104.090813,
                        19.048875,
                        0
                    ],
                    [
                        104.115105,
                        19.087526,
                        0
                    ],
                    [
                        104.137273,
                        19.087211,
                        0
                    ],
                    [
                        104.158796,
                        19.116319,
                        0
                    ],
                    [
                        104.174722,
                        19.104462,
                        0
                    ],
                    [
                        104.285134,
                        19.118552,
                        0
                    ],
                    [
                        104.312411,
                        19.089726,
                        0
                    ],
                    [
                        104.403246,
                        19.053586,
                        0
                    ],
                    [
                        104.423441,
                        19.004144,
                        0
                    ],
                    [
                        104.450975,
                        18.985076,
                        0
                    ],
                    [
                        104.488146,
                        19.002138,
                        0
                    ],
                    [
                        104.518094,
                        18.97986,
                        0
                    ],
                    [
                        104.535202,
                        18.983578,
                        0
                    ],
                    [
                        104.583969,
                        18.899418,
                        0
                    ],
                    [
                        104.632606,
                        18.885955,
                        0
                    ],
                    [
                        104.681417,
                        18.835579,
                        0
                    ],
                    [
                        104.718702,
                        18.83792,
                        0
                    ],
                    [
                        104.742419,
                        18.798825,
                        0
                    ],
                    [
                        104.787687,
                        18.799617,
                        0
                    ],
                    [
                        104.798565,
                        18.78237,
                        0
                    ],
                    [
                        104.861154,
                        18.773384,
                        0
                    ],
                    [
                        104.91603,
                        18.788886,
                        0
                    ],
                    [
                        104.941901,
                        18.771365,
                        0
                    ],
                    [
                        104.94686,
                        18.737255,
                        0
                    ],
                    [
                        105.025322,
                        18.747159,
                        0
                    ],
                    [
                        105.024499,
                        18.72987,
                        0
                    ],
                    [
                        105.063023,
                        18.723081,
                        0
                    ],
                    [
                        105.05474,
                        18.705288,
                        0
                    ],
                    [
                        105.120833,
                        18.697936,
                        0
                    ],
                    [
                        105.138396,
                        18.713782,
                        0
                    ],
                    [
                        105.144189,
                        18.679838,
                        0
                    ],
                    [
                        105.200804,
                        18.6476,
                        0
                    ],
                    [
                        105.197438,
                        18.606451,
                        0
                    ],
                    [
                        105.163746,
                        18.612724,
                        0
                    ],
                    [
                        105.138869,
                        18.590948,
                        0
                    ],
                    [
                        105.14295,
                        18.562772,
                        0
                    ],
                    [
                        105.119285,
                        18.53712,
                        0
                    ],
                    [
                        105.112137,
                        18.462649,
                        0
                    ],
                    [
                        105.064734,
                        18.431004,
                        0
                    ],
                    [
                        105.062599,
                        18.394786,
                        0
                    ],
                    [
                        105.105988,
                        18.372152,
                        0
                    ],
                    [
                        105.126408,
                        18.418365,
                        0
                    ],
                    [
                        105.156344,
                        18.385066,
                        0
                    ],
                    [
                        105.199929,
                        18.382662,
                        0
                    ],
                    [
                        105.18851,
                        18.323773,
                        0
                    ],
                    [
                        105.247203,
                        18.294214,
                        0
                    ],
                    [
                        105.259944,
                        18.25255,
                        0
                    ],
                    [
                        105.330667,
                        18.261208,
                        0
                    ],
                    [
                        105.323392,
                        18.199467,
                        0
                    ],
                    [
                        105.370155,
                        18.160006,
                        0
                    ],
                    [
                        105.387316,
                        18.169405,
                        0
                    ],
                    [
                        105.414894,
                        18.153484,
                        0
                    ],
                    [
                        105.435164,
                        18.211996,
                        0
                    ],
                    [
                        105.497251,
                        18.199239,
                        0
                    ],
                    [
                        105.492441,
                        18.173924,
                        0
                    ],
                    [
                        105.504007,
                        18.186516,
                        0
                    ],
                    [
                        105.514767,
                        18.15922,
                        0
                    ],
                    [
                        105.50886,
                        18.123894,
                        0
                    ],
                    [
                        105.542484,
                        18.11727,
                        0
                    ],
                    [
                        105.54389,
                        18.080932,
                        0
                    ],
                    [
                        105.573962,
                        18.082311,
                        0
                    ],
                    [
                        105.589796,
                        18.009609,
                        0
                    ],
                    [
                        105.601185,
                        18.000626,
                        0
                    ],
                    [
                        105.618193,
                        18.009878,
                        0
                    ],
                    [
                        105.645723,
                        17.990481,
                        0
                    ],
                    [
                        105.614686,
                        17.885417,
                        0
                    ],
                    [
                        105.679162,
                        17.84447,
                        0
                    ],
                    [
                        105.688937,
                        17.817731,
                        0
                    ],
                    [
                        105.679679,
                        17.793076,
                        0
                    ],
                    [
                        105.734738,
                        17.741701,
                        0
                    ],
                    [
                        105.754468,
                        17.668266,
                        0
                    ],
                    [
                        105.785402,
                        17.674571,
                        0
                    ],
                    [
                        105.795405,
                        17.640735,
                        0
                    ],
                    [
                        105.817883,
                        17.647195,
                        0
                    ],
                    [
                        105.857682,
                        17.616768,
                        0
                    ],
                    [
                        105.883577,
                        17.633355,
                        0
                    ],
                    [
                        105.893978,
                        17.619468,
                        0
                    ],
                    [
                        105.855906,
                        17.574327,
                        0
                    ],
                    [
                        105.86044,
                        17.515619,
                        0
                    ],
                    [
                        105.902373,
                        17.490324,
                        0
                    ],
                    [
                        105.962652,
                        17.500247,
                        0
                    ],
                    [
                        105.962616,
                        17.482692,
                        0
                    ],
                    [
                        106.011454,
                        17.45193,
                        0
                    ],
                    [
                        106.124363,
                        17.416212,
                        0
                    ],
                    [
                        106.119336,
                        17.376517,
                        0
                    ],
                    [
                        106.08502,
                        17.379678,
                        0
                    ],
                    [
                        106.071941,
                        17.357051,
                        0
                    ],
                    [
                        106.145729,
                        17.325168,
                        0
                    ],
                    [
                        106.23763,
                        17.248637,
                        0
                    ],
                    [
                        106.254924,
                        17.243586,
                        0
                    ],
                    [
                        106.286096,
                        17.263848,
                        0
                    ],
                    [
                        106.278652,
                        17.29488,
                        0
                    ],
                    [
                        106.306367,
                        17.293764,
                        0
                    ],
                    [
                        106.312166,
                        17.251024,
                        0
                    ],
                    [
                        106.33836,
                        17.228994,
                        0
                    ],
                    [
                        106.318993,
                        17.202762,
                        0
                    ],
                    [
                        106.360008,
                        17.15665,
                        0
                    ],
                    [
                        106.377574,
                        17.108751,
                        0
                    ],
                    [
                        106.416366,
                        17.07798,
                        0
                    ],
                    [
                        106.406992,
                        17.048284,
                        0
                    ],
                    [
                        106.442297,
                        16.9943,
                        0
                    ],
                    [
                        106.464182,
                        16.998482,
                        0
                    ],
                    [
                        106.476557,
                        16.980735,
                        0
                    ],
                    [
                        106.519197,
                        16.969665,
                        0
                    ],
                    [
                        106.551073,
                        16.997325,
                        0
                    ],
                    [
                        106.589529,
                        16.988436,
                        0
                    ],
                    [
                        106.610091,
                        16.937816,
                        0
                    ],
                    [
                        106.654249,
                        16.933256,
                        0
                    ],
                    [
                        106.696087,
                        16.954649,
                        0
                    ],
                    [
                        106.704191,
                        16.937754,
                        0
                    ],
                    [
                        106.6851,
                        16.907177,
                        0
                    ],
                    [
                        106.69641,
                        16.882308,
                        0
                    ],
                    [
                        106.65377,
                        16.864426,
                        0
                    ],
                    [
                        106.618686,
                        16.82727,
                        0
                    ],
                    [
                        106.61457,
                        16.739834,
                        0
                    ],
                    [
                        106.641759,
                        16.731668,
                        0
                    ],
                    [
                        106.661333,
                        16.691167,
                        0
                    ],
                    [
                        106.765276,
                        16.619699,
                        0
                    ],
                    [
                        106.779774,
                        16.592292,
                        0
                    ],
                    [
                        106.771916,
                        16.559063,
                        0
                    ],
                    [
                        106.827475,
                        16.555983,
                        0
                    ],
                    [
                        106.890573,
                        16.519771,
                        0
                    ],
                    [
                        106.880796,
                        16.470448,
                        0
                    ],
                    [
                        106.89218,
                        16.448901,
                        0
                    ],
                    [
                        106.87653,
                        16.426077,
                        0
                    ],
                    [
                        106.902992,
                        16.389174,
                        0
                    ],
                    [
                        106.965977,
                        16.357701,
                        0
                    ],
                    [
                        106.972991,
                        16.30164,
                        0
                    ],
                    [
                        107.008266,
                        16.31498,
                        0
                    ],
                    [
                        107.050491,
                        16.298197,
                        0
                    ],
                    [
                        107.096318,
                        16.306742,
                        0
                    ],
                    [
                        107.089045,
                        16.348704,
                        0
                    ],
                    [
                        107.108232,
                        16.353237,
                        0
                    ],
                    [
                        107.096115,
                        16.379394,
                        0
                    ],
                    [
                        107.106399,
                        16.385066,
                        0
                    ],
                    [
                        107.145134,
                        16.386564,
                        0
                    ],
                    [
                        107.224925,
                        16.359354,
                        0
                    ],
                    [
                        107.230325,
                        16.344145,
                        0
                    ],
                    [
                        107.215841,
                        16.330463,
                        0
                    ],
                    [
                        107.24933,
                        16.305352,
                        0
                    ],
                    [
                        107.262001,
                        16.254201,
                        0
                    ],
                    [
                        107.373548,
                        16.129249,
                        0
                    ],
                    [
                        107.365023,
                        16.109595,
                        0
                    ],
                    [
                        107.376846,
                        16.075967,
                        0
                    ],
                    [
                        107.40036,
                        16.060645,
                        0
                    ],
                    [
                        107.416492,
                        16.083101,
                        0
                    ],
                    [
                        107.45459,
                        16.086532,
                        0
                    ],
                    [
                        107.467319,
                        16.074181,
                        0
                    ],
                    [
                        107.449836,
                        16.052012,
                        0
                    ],
                    [
                        107.468318,
                        16.01412,
                        0
                    ],
                    [
                        107.419737,
                        15.910651,
                        0
                    ],
                    [
                        107.396387,
                        15.885369,
                        0
                    ],
                    [
                        107.3504,
                        15.892199,
                        0
                    ],
                    [
                        107.317459,
                        15.865929,
                        0
                    ],
                    [
                        107.226437,
                        15.833898,
                        0
                    ],
                    [
                        107.234007,
                        15.782791,
                        0
                    ],
                    [
                        107.21659,
                        15.729859,
                        0
                    ],
                    [
                        107.279971,
                        15.70678,
                        0
                    ],
                    [
                        107.268584,
                        15.657251,
                        0
                    ],
                    [
                        107.280699,
                        15.632856,
                        0
                    ],
                    [
                        107.319779,
                        15.637972,
                        0
                    ],
                    [
                        107.350513,
                        15.610111,
                        0
                    ],
                    [
                        107.353541,
                        15.576024,
                        0
                    ],
                    [
                        107.369527,
                        15.568354,
                        0
                    ],
                    [
                        107.379299,
                        15.524096,
                        0
                    ],
                    [
                        107.397801,
                        15.514676,
                        0
                    ],
                    [
                        107.39391,
                        15.496095,
                        0
                    ],
                    [
                        107.4734,
                        15.496349,
                        0
                    ],
                    [
                        107.507271,
                        15.47301,
                        0
                    ],
                    [
                        107.519782,
                        15.485772,
                        0
                    ],
                    [
                        107.526037,
                        15.410444,
                        0
                    ],
                    [
                        107.61156,
                        15.393254,
                        0
                    ],
                    [
                        107.59983,
                        15.381617,
                        0
                    ],
                    [
                        107.614677,
                        15.333855,
                        0
                    ],
                    [
                        107.689368,
                        15.281873,
                        0
                    ],
                    [
                        107.691694,
                        15.231962,
                        0
                    ],
                    [
                        107.715583,
                        15.204433,
                        0
                    ],
                    [
                        107.778509,
                        15.221091,
                        0
                    ],
                    [
                        107.766548,
                        15.162073,
                        0
                    ],
                    [
                        107.807176,
                        15.033988,
                        0
                    ],
                    [
                        107.824353,
                        15.026998,
                        0
                    ],
                    [
                        107.843067,
                        15.044299,
                        0
                    ],
                    [
                        107.880668,
                        15.025108,
                        0
                    ],
                    [
                        107.895261,
                        15.040197,
                        0
                    ],
                    [
                        107.91287,
                        15.000173,
                        0
                    ],
                    [
                        107.930894,
                        14.998973,
                        0
                    ],
                    [
                        107.946536,
                        15.001783,
                        0
                    ],
                    [
                        107.963726,
                        15.036517,
                        0
                    ],
                    [
                        107.994501,
                        14.997177,
                        0
                    ],
                    [
                        108.051846,
                        14.998889,
                        0
                    ],
                    [
                        108.073503,
                        14.980932,
                        0
                    ],
                    [
                        108.053153,
                        14.939553,
                        0
                    ],
                    [
                        108.096979,
                        14.905031,
                        0
                    ],
                    [
                        108.171916,
                        14.976898,
                        0
                    ],
                    [
                        108.201953,
                        14.965316,
                        0
                    ],
                    [
                        108.183391,
                        14.90719,
                        0
                    ],
                    [
                        108.19761,
                        14.89144,
                        0
                    ],
                    [
                        108.196213,
                        14.855486,
                        0
                    ],
                    [
                        108.232338,
                        14.842895,
                        0
                    ],
                    [
                        108.238447,
                        14.806836,
                        0
                    ],
                    [
                        108.288752,
                        14.815865,
                        0
                    ],
                    [
                        108.303729,
                        14.806564,
                        0
                    ],
                    [
                        108.284953,
                        14.67194,
                        0
                    ],
                    [
                        108.380832,
                        14.668211,
                        0
                    ],
                    [
                        108.391248,
                        14.638317,
                        0
                    ],
                    [
                        108.381166,
                        14.60673,
                        0
                    ],
                    [
                        108.394106,
                        14.601731,
                        0
                    ],
                    [
                        108.361879,
                        14.569352,
                        0
                    ],
                    [
                        108.388251,
                        14.523266,
                        0
                    ],
                    [
                        108.370489,
                        14.498172,
                        0
                    ],
                    [
                        108.383564,
                        14.489842,
                        0
                    ],
                    [
                        108.368496,
                        14.473128,
                        0
                    ],
                    [
                        108.371764,
                        14.438015,
                        0
                    ],
                    [
                        108.35693,
                        14.423793,
                        0
                    ],
                    [
                        108.3751,
                        14.401051,
                        0
                    ],
                    [
                        108.365616,
                        14.376298,
                        0
                    ],
                    [
                        108.394122,
                        14.301486,
                        0
                    ],
                    [
                        108.342521,
                        14.241003,
                        0
                    ],
                    [
                        108.274823,
                        14.23032,
                        0
                    ],
                    [
                        108.271418,
                        14.162338,
                        0
                    ],
                    [
                        108.256565,
                        14.147662,
                        0
                    ],
                    [
                        108.269238,
                        14.116028,
                        0
                    ],
                    [
                        108.225162,
                        14.115735,
                        0
                    ],
                    [
                        108.208078,
                        14.075808,
                        0
                    ],
                    [
                        108.169184,
                        14.040393,
                        0
                    ],
                    [
                        108.171128,
                        14.02408,
                        0
                    ],
                    [
                        108.128448,
                        14.00167,
                        0
                    ],
                    [
                        108.140373,
                        13.946136,
                        0
                    ],
                    [
                        108.10522,
                        13.936487,
                        0
                    ],
                    [
                        108.045994,
                        13.884133,
                        0
                    ],
                    [
                        108.019333,
                        13.885605,
                        0
                    ],
                    [
                        107.999372,
                        13.8505,
                        0
                    ],
                    [
                        108.007782,
                        13.790907,
                        0
                    ],
                    [
                        108.066935,
                        13.724089,
                        0
                    ],
                    [
                        108.113659,
                        13.633956,
                        0
                    ],
                    [
                        108.098087,
                        13.561638,
                        0
                    ],
                    [
                        108.110495,
                        13.543538,
                        0
                    ],
                    [
                        108.108026,
                        13.486941,
                        0
                    ],
                    [
                        108.149367,
                        13.492973,
                        0
                    ],
                    [
                        108.161519,
                        13.457367,
                        0
                    ],
                    [
                        108.204569,
                        13.451444,
                        0
                    ],
                    [
                        108.225822,
                        13.422001,
                        0
                    ],
                    [
                        108.228067,
                        13.390684,
                        0
                    ],
                    [
                        108.21422,
                        13.375867,
                        0
                    ],
                    [
                        108.2312,
                        13.313397,
                        0
                    ],
                    [
                        108.217094,
                        13.303798,
                        0
                    ],
                    [
                        108.26817,
                        13.228347,
                        0
                    ],
                    [
                        108.267771,
                        13.160885,
                        0
                    ],
                    [
                        108.333145,
                        13.11295,
                        0
                    ],
                    [
                        108.31556,
                        13.01638,
                        0
                    ],
                    [
                        108.327846,
                        12.990476,
                        0
                    ],
                    [
                        108.305134,
                        12.931775,
                        0
                    ],
                    [
                        108.318718,
                        12.903574,
                        0
                    ],
                    [
                        108.422204,
                        12.854334,
                        0
                    ],
                    [
                        108.477792,
                        12.77849,
                        0
                    ],
                    [
                        108.524068,
                        12.751481,
                        0
                    ],
                    [
                        108.572722,
                        12.741052,
                        0
                    ],
                    [
                        108.678621,
                        12.766112,
                        0
                    ],
                    [
                        108.689748,
                        12.724672,
                        0
                    ],
                    [
                        108.746914,
                        12.706901,
                        0
                    ],
                    [
                        108.77561,
                        12.658175,
                        0
                    ],
                    [
                        108.768076,
                        12.597918,
                        0
                    ],
                    [
                        108.752502,
                        12.593785,
                        0
                    ],
                    [
                        108.759577,
                        12.531725,
                        0
                    ],
                    [
                        108.748112,
                        12.525356,
                        0
                    ],
                    [
                        108.765104,
                        12.485069,
                        0
                    ],
                    [
                        108.742927,
                        12.473044,
                        0
                    ],
                    [
                        108.714362,
                        12.478954,
                        0
                    ],
                    [
                        108.672243,
                        12.42453,
                        0
                    ],
                    [
                        108.693941,
                        12.371703,
                        0
                    ],
                    [
                        108.680865,
                        12.355047,
                        0
                    ],
                    [
                        108.687065,
                        12.323473,
                        0
                    ],
                    [
                        108.708733,
                        12.300396,
                        0
                    ],
                    [
                        108.703933,
                        12.242124,
                        0
                    ],
                    [
                        108.725273,
                        12.217167,
                        0
                    ],
                    [
                        108.715461,
                        12.190743,
                        0
                    ],
                    [
                        108.646675,
                        12.198628,
                        0
                    ],
                    [
                        108.597012,
                        12.148195,
                        0
                    ],
                    [
                        108.534132,
                        12.161029,
                        0
                    ],
                    [
                        108.462361,
                        12.105498,
                        0
                    ],
                    [
                        108.432393,
                        12.126774,
                        0
                    ],
                    [
                        108.374172,
                        12.095844,
                        0
                    ],
                    [
                        108.347726,
                        12.104439,
                        0
                    ],
                    [
                        108.31023,
                        12.066563,
                        0
                    ],
                    [
                        108.286214,
                        12.06888,
                        0
                    ],
                    [
                        108.260029,
                        12.05046,
                        0
                    ],
                    [
                        108.25578,
                        12.028443,
                        0
                    ],
                    [
                        108.20578,
                        11.991273,
                        0
                    ],
                    [
                        108.180692,
                        11.939581,
                        0
                    ],
                    [
                        108.182542,
                        11.908488,
                        0
                    ],
                    [
                        108.150861,
                        11.922929,
                        0
                    ],
                    [
                        108.11805,
                        11.99357,
                        0
                    ],
                    [
                        108.065909,
                        11.987032,
                        0
                    ],
                    [
                        108.097921,
                        11.896655,
                        0
                    ],
                    [
                        108.047625,
                        11.852856,
                        0
                    ],
                    [
                        108.023571,
                        11.874838,
                        0
                    ],
                    [
                        108.032987,
                        11.90494,
                        0
                    ],
                    [
                        108.008002,
                        11.928559,
                        0
                    ],
                    [
                        107.987056,
                        11.890329,
                        0
                    ],
                    [
                        107.94449,
                        11.87317,
                        0
                    ],
                    [
                        107.936778,
                        11.888773,
                        0
                    ],
                    [
                        107.91499,
                        11.886781,
                        0
                    ],
                    [
                        107.910374,
                        11.911406,
                        0
                    ],
                    [
                        107.876681,
                        11.901772,
                        0
                    ],
                    [
                        107.853487,
                        11.926956,
                        0
                    ],
                    [
                        107.851154,
                        11.95507,
                        0
                    ],
                    [
                        107.803116,
                        11.974588,
                        0
                    ],
                    [
                        107.809768,
                        12.025972,
                        0
                    ],
                    [
                        107.782338,
                        12.060695,
                        0
                    ],
                    [
                        107.801456,
                        12.122154,
                        0
                    ],
                    [
                        107.743042,
                        12.140482,
                        0
                    ],
                    [
                        107.740122,
                        12.178213,
                        0
                    ],
                    [
                        107.707203,
                        12.192583,
                        0
                    ],
                    [
                        107.719833,
                        12.222473,
                        0
                    ],
                    [
                        107.701631,
                        12.250745,
                        0
                    ],
                    [
                        107.627156,
                        12.230028,
                        0
                    ],
                    [
                        107.599611,
                        12.304783,
                        0
                    ],
                    [
                        107.557818,
                        12.332946,
                        0
                    ],
                    [
                        107.525932,
                        12.335218,
                        0
                    ],
                    [
                        107.451914,
                        12.288954,
                        0
                    ],
                    [
                        107.438234,
                        12.247387,
                        0
                    ],
                    [
                        107.418323,
                        12.242561,
                        0
                    ],
                    [
                        107.35471,
                        12.338737,
                        0
                    ],
                    [
                        107.316772,
                        12.360734,
                        0
                    ],
                    [
                        107.259316,
                        12.348624,
                        0
                    ],
                    [
                        107.230967,
                        12.360719,
                        0
                    ],
                    [
                        107.2074,
                        12.317555,
                        0
                    ],
                    [
                        107.152959,
                        12.326178,
                        0
                    ],
                    [
                        107.122621,
                        12.313418,
                        0
                    ],
                    [
                        107.090611,
                        12.222904,
                        0
                    ],
                    [
                        107.001692,
                        12.142125,
                        0
                    ],
                    [
                        106.928195,
                        12.027967,
                        0
                    ],
                    [
                        106.898802,
                        12.020353,
                        0
                    ],
                    [
                        106.845149,
                        12.034895,
                        0
                    ],
                    [
                        106.798996,
                        11.975865,
                        0
                    ],
                    [
                        106.696719,
                        11.919211,
                        0
                    ],
                    [
                        106.706473,
                        11.888175,
                        0
                    ],
                    [
                        106.693347,
                        11.873553,
                        0
                    ],
                    [
                        106.629053,
                        11.880763,
                        0
                    ],
                    [
                        106.576589,
                        11.910978,
                        0
                    ],
                    [
                        106.565168,
                        11.943933,
                        0
                    ],
                    [
                        106.54222,
                        11.956093,
                        0
                    ],
                    [
                        106.525808,
                        11.935525,
                        0
                    ],
                    [
                        106.471204,
                        11.932807,
                        0
                    ],
                    [
                        106.440608,
                        11.885188,
                        0
                    ],
                    [
                        106.370759,
                        11.840618,
                        0
                    ],
                    [
                        106.345869,
                        11.841388,
                        0
                    ],
                    [
                        106.302642,
                        11.799372,
                        0
                    ],
                    [
                        106.282727,
                        11.819484,
                        0
                    ],
                    [
                        106.26516,
                        11.805701,
                        0
                    ],
                    [
                        106.196695,
                        11.812338,
                        0
                    ],
                    [
                        106.184915,
                        11.797917,
                        0
                    ],
                    [
                        106.134489,
                        11.831984,
                        0
                    ],
                    [
                        106.12268,
                        11.862776,
                        0
                    ],
                    [
                        106.088696,
                        11.859292,
                        0
                    ],
                    [
                        106.054893,
                        11.902825,
                        0
                    ],
                    [
                        106.00167,
                        11.912966,
                        0
                    ],
                    [
                        105.984294,
                        11.932922,
                        0
                    ],
                    [
                        105.987131,
                        11.95552,
                        0
                    ],
                    [
                        105.84904,
                        11.936604,
                        0
                    ],
                    [
                        105.809615,
                        11.959193,
                        0
                    ],
                    [
                        105.765901,
                        11.917905,
                        0
                    ],
                    [
                        105.723841,
                        11.915744,
                        0
                    ],
                    [
                        105.669906,
                        11.985063,
                        0
                    ],
                    [
                        105.626565,
                        11.987941,
                        0
                    ],
                    [
                        105.604146,
                        11.941276,
                        0
                    ],
                    [
                        105.536318,
                        11.877782,
                        0
                    ],
                    [
                        105.548577,
                        11.853769,
                        0
                    ],
                    [
                        105.485097,
                        11.766009,
                        0
                    ],
                    [
                        105.469385,
                        11.716232,
                        0
                    ],
                    [
                        105.458808,
                        11.62662,
                        0
                    ],
                    [
                        105.478964,
                        11.540057,
                        0
                    ],
                    [
                        105.48233,
                        11.439989,
                        0
                    ],
                    [
                        105.442259,
                        11.323267,
                        0
                    ],
                    [
                        105.521523,
                        11.191614,
                        0
                    ],
                    [
                        105.547807,
                        11.020879,
                        0
                    ],
                    [
                        105.598803,
                        10.874946,
                        0
                    ],
                    [
                        105.720616,
                        10.769413,
                        0
                    ],
                    [
                        105.7779,
                        10.682376,
                        0
                    ],
                    [
                        105.916691,
                        10.586959,
                        0
                    ],
                    [
                        106.137294,
                        10.496193,
                        0
                    ],
                    [
                        106.519672,
                        10.37903,
                        0
                    ],
                    [
                        106.784904,
                        10.346426,
                        0
                    ],
                    [
                        106.786618,
                        10.291873,
                        0
                    ],
                    [
                        106.744178,
                        10.261561,
                        0
                    ],
                    [
                        106.754607,
                        10.234502,
                        0
                    ],
                    [
                        106.715662,
                        10.199071,
                        0
                    ],
                    [
                        106.786947,
                        10.163791,
                        0
                    ],
                    [
                        106.801655,
                        10.130736,
                        0
                    ],
                    [
                        106.779576,
                        10.08348,
                        0
                    ],
                    [
                        106.765257,
                        10.085627,
                        0
                    ],
                    [
                        106.721114,
                        10.044207,
                        0
                    ],
                    [
                        106.69862,
                        10.045327,
                        0
                    ],
                    [
                        106.709191,
                        10.058546,
                        0
                    ]
                ]
            },
            "properties": {
                "name": "LMB Boundary",
                "styleUrl": "#LMB-boundary",
                "styleHash": "2edf5d82",
                "stroke": "#FC924E",
                "stroke-opacity": 1,
                "stroke-width": 4,
                "fill-opacity": 0
            }
        }
    ]
}